{
  "project_info": {
    "project_number": "94583288446",
    "project_id": "freefire-world",
    "storage_bucket": "freefire-world.firebasestorage.app"
  },
  "client": [
    {
      "client_info": {
        "mobilesdk_app_id": "1:94583288446:android:412fb87a3b5acede659e2f",
        "android_client_info": {
          "package_name": "com.freefireworld.app"
        }
      },
      "oauth_client": [],
      "api_key": [
        {
          "current_key": "AIzaSyDAVOtGWXXhBcRrrEIdD71lMASeK1TdCrI"
        }
      ],
      "services": {
        "appinvite_service": {
          "other_platform_oauth_client": []
        }
      }
    }
  ],
  "configuration_version": "1"
}